,photo_id,keyword,photo_image_url
0,9CfajiGQL0o,nature,https://images.unsplash.com/photo-1552394459-917cbbffbc84
1,_3-OwU30m3Q,plant,https://images.unsplash.com/photo-1571561544934-c875a47034e3
2,59tcmWzKrZo,outdoors,https://images.unsplash.com/photo-1583941533650-c633b5d13ade
3,_VwKE9cjops,animal,https://images.unsplash.com/photo-1570450466756-c1c0bc431719
4,sR_J5Md1XAY,tree,https://images.unsplash.com/photo-1543178557-b9c13368e3a3
5,w-pEeDGN1w0,clothing,https://images.unsplash.com/photo-1565395955758-b87ff85a9851
6,JxbqicKm-ko,apparel,https://images.unsplash.com/photo-1542595735-19bfcdc1feb0
7,OouFKZynpAM,symbol,https://images.unsplash.com/photo-1564153917476-7b5c9ad887ab
8,wANOyJD6QP8,building,https://images.unsplash.com/photo-1542219292358-30f58704407c
9,WpwHJZoSAC8,sky,https://images.unsplash.com/photo-1513800453057-8e3e3beab4fa
10,bBsldgB6hwI,mammal,https://images.unsplash.com/photo-1546984594-99b152034788
11,psbhUTs9emM,bird,https://images.unsplash.com/photo-1585827198113-e26132a51688
12,_mSSnMptGow,water,https://images.unsplash.com/photo-1552620543-31d952829801
13,rMlsy5I2ENk,scenery,https://images.unsplash.com/photo-1580347363218-eafca81440b9
14,d3jPsWVlYr4,transportation,https://images.unsplash.com/photo-1579279218983-e46279c85859
15,9R5FnAn5tYM,vehicle,https://images.unsplash.com/photo-1547856954-24517381e230
16,JxfCQHpInnY,landscape,https://images.unsplash.com/photo-1587657565461-d0ca5f645b0d
17,raakZHcgWWw,food,https://images.unsplash.com/photo-1593070322798-bc78541bea95
18,UM3jT5w6hlY,food,https://images.unsplash.com/photo-1414396914239-e70522479d13
19,alEcQuIv-4M,food,https://images.unsplash.com/photo-1551893083-1c3b79bd7350
20,PzpoDcsigko,food,https://images.unsplash.com/photo-1548808889-bbbd02e9096d
21,jZoyFrGyyT8,food,https://images.unsplash.com/photo-1574655317413-0ac1fdbf767d
22,9JxubXPaidg,light,https://images.unsplash.com/photo-1544965850-6f8a66788f9b
23,o8_xDC4YIzE,wildlife,https://images.unsplash.com/photo-1544121378-d7980962950d
